[
  {
    "fileName": "ctagentes.json",
    "deploymentOrder" : 1,
    "action" : "runCommand"
  },
  {
    "fileName": "ctcelulas.json",
    "deploymentOrder" : 2,
    "action" : "runCommand"
  },
  {
    "fileName": "ctcentrosexcelencias.json",
    "deploymentOrder" : 3,
    "action" : "runCommand"
  },
  {
    "fileName": "ctcoesolicitudes.json",
    "deploymentOrder" : 4,
    "action" : "runCommand"
  },
  {
    "fileName": "ctestatusespecificos.json",
    "deploymentOrder" : 8,
    "action" : "runCommand"
  },
  {
    "fileName": "ctestatusgenerales.json",
    "deploymentOrder" : 9,
    "action" : "runCommand"
  },
  {
    "fileName": "ctplantillas.json",
    "deploymentOrder" : 10,
    "action" : "runCommand"
  },
  {
    "fileName": "ctroles.json",
    "deploymentOrder" : 11,
    "action" : "runCommand"
  },
  {
    "fileName": "ctunidadesnegocios.json",
    "deploymentOrder" : 13,
    "action" : "runCommand"
  }      
]
