<?xml version="1.0" encoding="UTF-8"?>
<configuration>

    <!-- APPENDER: Consola con el patrón estilo Spring Boot -->
    <appender name="CONSOLE" class="ch.qos.logback.core.ConsoleAppender">
        <encoder>
            <pattern>
                %d{yyyy-MM-dd'T'HH:mm:ss.SSZ} %-5level --- %logger{100} : %msg%n
            </pattern>
        </encoder>
    </appender>

    <!-- APPENDER: Archivo con el mismo patrón (opcional) -->
    <appender name="FILE" class="ch.qos.logback.core.rolling.RollingFileAppender">
        <file>logs/Arquetipo-Arquitecto.log</file>
        <rollingPolicy class="ch.qos.logback.core.rolling.TimeBasedRollingPolicy">
            <!--
               Guarda un archivo diario, por ejemplo.
               Puedes usar %d{yyyy-MM-dd}.log.%i con SizeAndTimeBasedRollingPolicy
               si deseas también rotar por tamaño.
            -->
            <fileNamePattern>logs/Arquetipo-QA_%d{yyyy-MM-dd}.log</fileNamePattern>
            <maxHistory>7</maxHistory>
        </rollingPolicy>
        <encoder>
            <pattern>
                %d{yyyy-MM-dd'T'HH:mm:ss.SSZ} %-5level --- %logger{100} : %msg%n
            </pattern>
        </encoder>
    </appender>

    <!-- Ajusta el nivel de logs que quieras silenciar (opcional) -->
    <logger name="org.springframework" level="OFF"/>
    <logger name="o.s" level="OFF"/>
    <logger name="s.d.s.w" level="OFF"/>

    <!-- ROOT logger con nivel INFO. Envía a consola y/o archivo -->
    <root level="INFO">
        <appender-ref ref="CONSOLE"/>
        <!-- Descomenta si quieres logs en archivo -->
         <appender-ref ref="FILE"/>
    </root>

</configuration>
